,filenames,centroids
0,../data/pred/videos/seg_sample/0.jpg,"[(98, 206), (163, 169), (179, 181), (139, 191), (214, 152), (52, 123), (88, 148), (122, 96), (181, 107), (145, 56)]"
1,../data/pred/videos/seg_sample/1.jpg,"[(98, 206), (163, 169), (179, 181), (139, 191), (214, 152), (52, 123), (88, 148), (122, 96), (181, 107), (145, 56)]"
2,../data/pred/videos/seg_sample/2.jpg,"[(98, 206), (163, 169), (179, 181), (139, 191), (214, 152), (52, 123), (88, 148), (122, 96), (181, 107), (145, 56)]"
3,../data/pred/videos/seg_sample/3.jpg,"[(98, 206), (163, 169), (179, 181), (139, 191), (214, 152), (52, 123), (88, 148), (122, 96), (181, 107), (145, 56)]"
4,../data/pred/videos/seg_sample/4.jpg,"[(98, 207), (163, 169), (179, 181), (139, 191), (214, 152), (52, 123), (88, 148), (122, 96), (181, 107), (145, 56)]"
5,../data/pred/videos/seg_sample/5.jpg,"[(98, 207), (163, 169), (179, 181), (139, 191), (214, 152), (52, 123), (88, 148), (122, 96), (181, 107), (145, 56)]"
6,../data/pred/videos/seg_sample/6.jpg,"[(97, 205), (178, 180), (136, 192), (213, 152), (52, 123), (88, 146), (122, 97), (182, 104), (144, 56)]"
7,../data/pred/videos/seg_sample/7.jpg,"[(97, 205), (178, 180), (136, 192), (213, 152), (52, 123), (88, 146), (122, 97), (182, 104), (144, 56)]"
8,../data/pred/videos/seg_sample/8.jpg,"[(97, 205), (178, 180), (136, 192), (213, 152), (52, 123), (88, 146), (122, 97), (182, 104), (144, 56)]"
9,../data/pred/videos/seg_sample/9.jpg,"[(97, 205), (178, 180), (136, 192), (213, 152), (52, 123), (88, 146), (122, 97), (182, 104), (144, 56)]"
10,../data/pred/videos/seg_sample/10.jpg,"[(97, 205), (178, 180), (136, 192), (213, 152), (52, 123), (88, 146), (122, 97), (182, 104), (144, 56)]"
11,../data/pred/videos/seg_sample/11.jpg,"[(97, 205), (178, 180), (136, 192), (213, 152), (52, 123), (88, 146), (122, 97), (182, 104), (144, 56)]"
12,../data/pred/videos/seg_sample/12.jpg,"[(97, 205), (178, 180), (136, 192), (213, 152), (52, 123), (88, 146), (122, 97), (182, 104), (144, 56)]"
13,../data/pred/videos/seg_sample/13.jpg,"[(97, 205), (178, 180), (136, 192), (213, 152), (52, 123), (88, 146), (122, 97), (182, 104), (144, 56)]"
14,../data/pred/videos/seg_sample/14.jpg,"[(97, 205), (178, 180), (136, 192), (213, 152), (52, 123), (88, 146), (122, 97), (182, 104), (144, 56)]"
15,../data/pred/videos/seg_sample/15.jpg,"[(97, 205), (178, 180), (136, 192), (213, 152), (52, 123), (88, 146), (122, 97), (182, 104), (144, 56)]"
16,../data/pred/videos/seg_sample/16.jpg,"[(97, 205), (178, 180), (136, 192), (213, 152), (52, 123), (88, 146), (122, 97), (182, 104), (144, 56)]"
17,../data/pred/videos/seg_sample/17.jpg,"[(72, 194), (94, 203), (176, 177), (136, 193), (213, 151), (52, 124), (89, 144), (182, 101), (133, 78)]"
18,../data/pred/videos/seg_sample/18.jpg,"[(72, 194), (94, 203), (176, 177), (136, 192), (213, 151), (52, 124), (89, 144), (182, 101), (133, 78)]"
19,../data/pred/videos/seg_sample/19.jpg,"[(72, 194), (94, 203), (176, 177), (136, 192), (213, 151), (52, 124), (89, 144), (182, 101), (133, 78)]"
20,../data/pred/videos/seg_sample/20.jpg,"[(72, 194), (94, 203), (176, 177), (136, 192), (213, 151), (52, 124), (89, 144), (182, 101), (133, 78)]"
21,../data/pred/videos/seg_sample/21.jpg,"[(72, 194), (94, 203), (176, 177), (136, 193), (213, 151), (52, 124), (89, 144), (182, 101), (133, 78)]"
22,../data/pred/videos/seg_sample/22.jpg,"[(72, 194), (94, 203), (176, 177), (136, 193), (213, 151), (52, 124), (89, 144), (182, 101), (133, 78)]"
23,../data/pred/videos/seg_sample/23.jpg,"[(72, 194), (94, 203), (176, 177), (136, 193), (213, 151), (52, 124), (89, 144), (182, 101), (133, 78)]"
24,../data/pred/videos/seg_sample/24.jpg,"[(72, 194), (94, 203), (176, 177), (136, 193), (213, 151), (52, 124), (89, 144), (182, 101), (133, 78)]"
25,../data/pred/videos/seg_sample/25.jpg,"[(72, 194), (94, 203), (176, 177), (136, 193), (213, 151), (52, 124), (89, 144), (182, 101), (133, 78)]"
26,../data/pred/videos/seg_sample/26.jpg,"[(72, 194), (94, 203), (176, 177), (136, 192), (213, 151), (52, 124), (89, 144), (182, 101), (133, 78)]"
27,../data/pred/videos/seg_sample/27.jpg,"[(94, 201), (175, 176), (136, 193), (213, 150), (52, 124), (89, 142), (183, 99), (134, 78)]"
28,../data/pred/videos/seg_sample/28.jpg,"[(94, 201), (175, 176), (136, 193), (213, 150), (52, 124), (89, 142), (183, 99), (134, 78)]"
29,../data/pred/videos/seg_sample/29.jpg,"[(94, 201), (175, 176), (136, 193), (213, 150), (52, 124), (89, 142), (183, 99), (134, 78)]"
30,../data/pred/videos/seg_sample/30.jpg,"[(94, 201), (175, 176), (136, 193), (213, 150), (52, 124), (89, 142), (183, 99), (134, 78)]"
31,../data/pred/videos/seg_sample/31.jpg,"[(94, 201), (175, 176), (136, 193), (213, 150), (52, 124), (89, 142), (183, 99), (134, 78)]"
32,../data/pred/videos/seg_sample/32.jpg,"[(94, 201), (175, 176), (136, 193), (213, 150), (52, 124), (89, 142), (183, 99), (134, 78)]"
33,../data/pred/videos/seg_sample/33.jpg,"[(94, 201), (175, 176), (136, 193), (213, 150), (52, 124), (89, 142), (183, 99), (134, 78)]"
34,../data/pred/videos/seg_sample/34.jpg,"[(94, 201), (175, 176), (136, 193), (213, 150), (52, 124), (89, 142), (183, 99), (134, 78)]"
35,../data/pred/videos/seg_sample/35.jpg,"[(94, 201), (175, 176), (136, 193), (213, 150), (52, 124), (89, 142), (183, 99), (134, 78)]"
36,../data/pred/videos/seg_sample/36.jpg,"[(94, 201), (175, 176), (136, 193), (213, 150), (52, 124), (89, 142), (183, 99), (134, 78)]"
37,../data/pred/videos/seg_sample/37.jpg,"[(94, 201), (175, 176), (136, 193), (213, 150), (52, 124), (89, 142), (183, 99), (134, 78)]"
38,../data/pred/videos/seg_sample/38.jpg,"[(94, 201), (175, 176), (136, 193), (213, 150), (52, 124), (89, 142), (183, 99), (134, 78)]"
39,../data/pred/videos/seg_sample/39.jpg,"[(94, 201), (175, 176), (136, 193), (213, 150), (52, 124), (89, 142), (183, 99), (134, 78)]"
40,../data/pred/videos/seg_sample/40.jpg,"[(94, 199), (68, 189), (175, 176), (135, 194), (213, 149), (52, 124), (70, 94), (89, 140), (183, 98), (134, 78)]"
41,../data/pred/videos/seg_sample/41.jpg,"[(94, 199), (68, 189), (175, 176), (135, 194), (213, 149), (52, 124), (70, 94), (89, 140), (183, 98), (134, 78)]"
42,../data/pred/videos/seg_sample/42.jpg,"[(94, 199), (68, 189), (175, 176), (135, 194), (213, 149), (52, 124), (70, 94), (89, 140), (183, 98), (134, 78)]"
43,../data/pred/videos/seg_sample/43.jpg,"[(94, 199), (68, 189), (175, 176), (135, 194), (213, 149), (52, 124), (70, 94), (89, 140), (183, 98), (134, 78)]"
44,../data/pred/videos/seg_sample/44.jpg,"[(94, 199), (68, 189), (175, 176), (135, 194), (213, 149), (52, 124), (70, 94), (89, 140), (183, 98), (134, 78)]"
45,../data/pred/videos/seg_sample/45.jpg,"[(94, 199), (68, 189), (175, 176), (135, 194), (213, 149), (52, 124), (70, 94), (89, 139), (183, 98), (134, 78)]"
46,../data/pred/videos/seg_sample/46.jpg,"[(94, 199), (68, 189), (175, 176), (135, 194), (213, 149), (52, 124), (70, 94), (89, 139), (183, 98), (134, 78)]"
47,../data/pred/videos/seg_sample/47.jpg,"[(94, 199), (68, 189), (175, 176), (135, 194), (213, 149), (52, 124), (70, 94), (89, 139), (183, 98), (134, 78)]"
48,../data/pred/videos/seg_sample/48.jpg,"[(94, 199), (68, 189), (175, 176), (135, 194), (213, 149), (52, 124), (70, 94), (89, 139), (183, 98), (134, 78)]"
49,../data/pred/videos/seg_sample/49.jpg,"[(90, 196), (135, 196), (175, 175), (214, 148), (89, 137), (53, 123), (69, 90), (184, 96), (133, 78)]"
50,../data/pred/videos/seg_sample/50.jpg,"[(90, 196), (135, 196), (175, 175), (214, 148), (89, 137), (53, 123), (69, 90), (184, 96), (133, 78)]"
51,../data/pred/videos/seg_sample/51.jpg,"[(90, 196), (135, 196), (175, 175), (214, 148), (89, 137), (53, 123), (69, 89), (184, 96), (133, 78)]"
52,../data/pred/videos/seg_sample/52.jpg,"[(90, 196), (135, 196), (175, 175), (214, 148), (89, 137), (53, 123), (69, 90), (184, 96), (133, 78)]"
53,../data/pred/videos/seg_sample/53.jpg,"[(90, 196), (135, 197), (175, 175), (214, 148), (89, 137), (53, 123), (69, 90), (184, 96), (133, 78)]"
54,../data/pred/videos/seg_sample/54.jpg,"[(90, 196), (135, 196), (175, 175), (214, 148), (89, 137), (53, 123), (69, 90), (184, 96), (133, 78)]"
55,../data/pred/videos/seg_sample/55.jpg,"[(90, 196), (135, 196), (175, 175), (214, 148), (89, 137), (53, 123), (69, 90), (184, 96), (133, 78)]"
56,../data/pred/videos/seg_sample/56.jpg,"[(90, 196), (135, 196), (175, 175), (214, 148), (89, 137), (53, 123), (69, 90), (184, 96), (133, 78)]"
57,../data/pred/videos/seg_sample/57.jpg,"[(90, 196), (135, 196), (175, 175), (214, 148), (89, 137), (53, 123), (69, 90), (184, 96), (133, 78)]"
58,../data/pred/videos/seg_sample/58.jpg,"[(90, 196), (135, 196), (175, 175), (214, 148), (89, 137), (53, 123), (69, 90), (184, 96), (133, 78)]"
59,../data/pred/videos/seg_sample/59.jpg,"[(90, 196), (135, 196), (175, 175), (214, 148), (89, 137), (53, 123), (69, 90), (184, 96), (133, 78)]"
60,../data/pred/videos/seg_sample/60.jpg,"[(89, 193), (134, 201), (174, 174), (214, 147), (89, 135), (53, 122), (69, 87), (103, 80), (184, 95), (169, 44), (135, 76)]"
61,../data/pred/videos/seg_sample/61.jpg,"[(89, 193), (134, 201), (174, 174), (214, 147), (89, 135), (53, 122), (69, 87), (103, 80), (184, 95), (169, 44), (135, 76)]"
62,../data/pred/videos/seg_sample/62.jpg,"[(89, 193), (134, 201), (174, 174), (214, 147), (89, 135), (53, 122), (69, 87), (103, 80), (184, 95), (169, 44), (135, 76)]"
63,../data/pred/videos/seg_sample/63.jpg,"[(89, 193), (134, 201), (174, 174), (214, 147), (89, 135), (53, 122), (69, 87), (103, 80), (185, 95), (169, 44), (135, 76)]"
64,../data/pred/videos/seg_sample/64.jpg,"[(89, 193), (134, 201), (174, 174), (214, 147), (89, 135), (53, 122), (69, 87), (103, 80), (185, 95), (168, 43), (135, 76)]"
65,../data/pred/videos/seg_sample/65.jpg,"[(89, 193), (134, 201), (174, 174), (214, 147), (89, 135), (53, 122), (69, 87), (103, 80), (185, 95), (169, 44), (135, 76)]"
66,../data/pred/videos/seg_sample/66.jpg,"[(89, 193), (134, 201), (174, 174), (214, 147), (89, 135), (53, 122), (69, 87), (103, 80), (185, 95), (169, 44), (135, 76)]"
67,../data/pred/videos/seg_sample/67.jpg,"[(89, 193), (134, 201), (174, 174), (214, 147), (89, 135), (53, 122), (69, 87), (103, 80), (185, 95), (169, 44), (135, 76)]"
68,../data/pred/videos/seg_sample/68.jpg,"[(89, 193), (134, 201), (174, 174), (214, 147), (89, 135), (53, 122), (69, 87), (103, 80), (185, 95), (169, 44), (135, 76)]"
69,../data/pred/videos/seg_sample/69.jpg,"[(89, 193), (134, 201), (174, 174), (214, 147), (89, 135), (53, 122), (69, 87), (103, 80), (185, 95), (169, 44), (135, 76)]"
70,../data/pred/videos/seg_sample/70.jpg,"[(89, 193), (134, 201), (174, 174), (214, 147), (89, 135), (53, 122), (69, 87), (103, 80), (185, 95), (168, 43), (135, 76)]"
71,../data/pred/videos/seg_sample/71.jpg,"[(134, 206), (131, 154), (173, 173), (215, 146), (88, 166), (56, 117), (105, 80), (88, 83), (185, 94), (169, 44), (135, 74)]"
72,../data/pred/videos/seg_sample/72.jpg,"[(134, 206), (131, 154), (173, 173), (215, 146), (88, 166), (56, 118), (105, 80), (88, 83), (185, 94), (169, 44), (135, 74)]"
73,../data/pred/videos/seg_sample/73.jpg,"[(134, 206), (131, 154), (173, 173), (215, 146), (88, 166), (56, 118), (105, 80), (88, 83), (185, 94), (169, 44), (135, 74)]"
74,../data/pred/videos/seg_sample/74.jpg,"[(134, 208), (88, 193), (131, 156), (173, 175), (214, 148), (81, 138), (107, 137), (56, 119), (105, 82), (87, 85), (185, 95), (168, 45), (135, 75)]"
75,../data/pred/videos/seg_sample/75.jpg,"[(134, 209), (88, 194), (131, 157), (173, 176), (214, 149), (81, 140), (107, 138), (56, 119), (105, 83), (87, 87), (185, 96), (169, 46), (135, 76)]"
76,../data/pred/videos/seg_sample/76.jpg,"[(134, 209), (88, 194), (131, 157), (173, 176), (214, 149), (81, 140), (107, 138), (56, 119), (105, 83), (87, 87), (185, 96), (169, 46), (135, 76)]"
77,../data/pred/videos/seg_sample/77.jpg,"[(134, 209), (88, 194), (131, 157), (173, 176), (214, 149), (81, 140), (107, 138), (56, 119), (105, 83), (87, 87), (185, 96), (169, 46), (135, 76)]"
78,../data/pred/videos/seg_sample/78.jpg,"[(134, 209), (88, 194), (131, 157), (173, 176), (214, 149), (81, 140), (107, 137), (56, 119), (105, 83), (87, 87), (185, 96), (169, 46), (135, 76)]"
79,../data/pred/videos/seg_sample/79.jpg,"[(134, 209), (88, 194), (131, 157), (173, 176), (214, 149), (81, 140), (107, 137), (56, 119), (105, 83), (87, 87), (185, 96), (169, 46), (135, 76)]"
80,../data/pred/videos/seg_sample/80.jpg,"[(134, 209), (88, 194), (131, 157), (173, 176), (214, 149), (81, 140), (107, 137), (56, 119), (105, 83), (87, 87), (185, 96), (169, 46), (135, 76)]"
81,../data/pred/videos/seg_sample/81.jpg,"[(134, 208), (88, 194), (131, 157), (173, 176), (214, 149), (81, 140), (107, 138), (56, 119), (105, 83), (87, 87), (185, 96), (169, 46), (135, 76)]"
82,../data/pred/videos/seg_sample/82.jpg,"[(134, 210), (89, 192), (173, 176), (131, 155), (111, 144), (82, 140), (215, 148), (102, 113), (106, 84), (56, 119), (88, 85), (107, 65), (186, 95), (168, 46), (136, 75)]"
83,../data/pred/videos/seg_sample/83.jpg,"[(134, 210), (89, 192), (173, 176), (131, 155), (111, 144), (82, 140), (215, 148), (102, 113), (106, 84), (56, 119), (88, 85), (107, 65), (186, 95), (168, 46), (136, 75)]"
84,../data/pred/videos/seg_sample/84.jpg,"[(134, 210), (89, 192), (173, 176), (131, 155), (111, 144), (82, 140), (215, 148), (102, 113), (106, 84), (56, 119), (88, 85), (107, 65), (186, 95), (168, 46), (136, 75)]"
85,../data/pred/videos/seg_sample/85.jpg,"[(134, 210), (89, 192), (173, 176), (131, 155), (111, 144), (82, 140), (215, 148), (102, 113), (106, 84), (56, 119), (88, 85), (107, 65), (186, 95), (168, 46), (136, 75)]"
86,../data/pred/videos/seg_sample/86.jpg,"[(134, 210), (89, 192), (173, 176), (131, 155), (111, 144), (82, 140), (215, 148), (102, 113), (106, 84), (56, 119), (88, 85), (107, 65), (186, 95), (168, 46), (136, 75)]"
87,../data/pred/videos/seg_sample/87.jpg,"[(134, 210), (89, 192), (173, 176), (131, 155), (111, 144), (82, 141), (215, 148), (102, 113), (106, 84), (56, 119), (88, 85), (107, 65), (186, 95), (168, 46), (136, 75)]"
88,../data/pred/videos/seg_sample/88.jpg,"[(134, 210), (89, 192), (173, 176), (131, 155), (111, 144), (82, 141), (215, 148), (102, 113), (106, 84), (56, 119), (88, 85), (107, 65), (186, 95), (168, 46), (136, 75)]"
89,../data/pred/videos/seg_sample/89.jpg,"[(134, 210), (89, 192), (173, 176), (131, 155), (111, 144), (82, 141), (215, 148), (102, 113), (106, 84), (56, 119), (88, 85), (107, 65), (186, 95), (168, 46), (136, 75)]"
90,../data/pred/videos/seg_sample/90.jpg,"[(134, 210), (89, 192), (173, 176), (131, 155), (111, 144), (82, 141), (215, 148), (102, 113), (106, 84), (56, 119), (88, 85), (107, 65), (186, 95), (168, 46), (136, 75)]"
91,../data/pred/videos/seg_sample/91.jpg,"[(134, 210), (89, 192), (173, 176), (131, 155), (111, 144), (82, 141), (215, 148), (102, 113), (106, 84), (56, 119), (88, 85), (107, 65), (186, 95), (168, 46), (136, 75)]"
92,../data/pred/videos/seg_sample/92.jpg,"[(134, 210), (89, 192), (173, 176), (131, 155), (111, 144), (82, 141), (215, 148), (102, 113), (106, 84), (56, 119), (88, 85), (107, 65), (186, 95), (168, 46), (136, 75)]"
93,../data/pred/videos/seg_sample/93.jpg,"[(134, 210), (89, 192), (173, 176), (131, 155), (111, 143), (82, 140), (215, 148), (102, 113), (106, 84), (56, 119), (88, 86), (106, 65), (185, 95), (168, 46), (136, 75)]"
94,../data/pred/videos/seg_sample/94.jpg,"[(134, 210), (89, 192), (173, 176), (131, 155), (111, 143), (82, 140), (215, 148), (102, 113), (106, 84), (56, 119), (88, 86), (106, 65), (186, 95), (168, 46), (136, 75)]"
95,../data/pred/videos/seg_sample/95.jpg,"[(134, 213), (89, 191), (173, 176), (127, 152), (81, 141), (215, 148), (108, 85), (57, 119), (91, 94), (106, 64), (188, 92), (166, 45), (137, 75)]"
96,../data/pred/videos/seg_sample/96.jpg,"[(134, 212), (89, 191), (173, 176), (127, 152), (81, 141), (215, 148), (108, 85), (57, 119), (91, 94), (106, 64), (188, 92), (166, 45), (137, 75)]"
97,../data/pred/videos/seg_sample/97.jpg,"[(134, 212), (89, 191), (173, 176), (127, 152), (81, 141), (215, 148), (108, 85), (57, 119), (91, 94), (106, 64), (188, 92), (166, 45), (137, 75)]"
98,../data/pred/videos/seg_sample/98.jpg,"[(134, 212), (89, 191), (173, 176), (127, 152), (81, 141), (215, 148), (108, 85), (57, 119), (92, 94), (106, 64), (188, 92), (166, 45), (137, 75)]"
99,../data/pred/videos/seg_sample/99.jpg,"[(134, 212), (89, 191), (173, 176), (127, 152), (81, 141), (215, 148), (108, 84), (57, 119), (92, 94), (106, 64), (188, 92), (166, 45), (137, 75)]"
100,../data/pred/videos/seg_sample/100.jpg,"[(134, 212), (89, 191), (173, 176), (127, 152), (81, 141), (215, 148), (108, 84), (57, 119), (91, 94), (106, 64), (188, 92), (166, 45), (137, 75)]"
101,../data/pred/videos/seg_sample/101.jpg,"[(134, 212), (89, 191), (173, 176), (127, 152), (81, 141), (215, 148), (108, 85), (57, 119), (91, 94), (106, 64), (188, 92), (166, 45), (137, 75)]"
102,../data/pred/videos/seg_sample/102.jpg,"[(134, 212), (89, 191), (173, 176), (127, 152), (81, 141), (215, 148), (108, 85), (57, 119), (91, 94), (106, 64), (188, 92), (166, 45), (137, 75)]"
103,../data/pred/videos/seg_sample/103.jpg,"[(134, 212), (89, 191), (173, 176), (127, 152), (81, 141), (215, 148), (108, 85), (57, 119), (91, 94), (106, 64), (188, 92), (166, 45), (137, 75)]"
104,../data/pred/videos/seg_sample/104.jpg,"[(134, 212), (89, 191), (173, 176), (127, 152), (81, 141), (215, 148), (108, 85), (57, 119), (91, 94), (106, 64), (188, 92), (166, 45), (137, 75)]"
105,../data/pred/videos/seg_sample/105.jpg,"[(134, 214), (88, 190), (173, 176), (126, 151), (80, 141), (149, 120), (216, 147), (173, 113), (110, 86), (57, 119), (93, 96), (196, 83), (106, 62), (164, 45), (138, 75)]"
106,../data/pred/videos/seg_sample/106.jpg,"[(134, 214), (88, 190), (173, 176), (126, 151), (80, 141), (149, 120), (216, 147), (173, 113), (110, 86), (57, 119), (93, 96), (196, 83), (106, 62), (164, 45), (138, 75)]"
107,../data/pred/videos/seg_sample/107.jpg,"[(134, 214), (88, 190), (173, 176), (126, 151), (80, 141), (149, 120), (216, 147), (173, 113), (110, 86), (57, 119), (93, 96), (196, 83), (106, 62), (165, 45), (138, 75)]"
108,../data/pred/videos/seg_sample/108.jpg,"[(134, 214), (88, 190), (173, 176), (126, 151), (80, 141), (149, 120), (216, 147), (173, 113), (110, 86), (57, 119), (93, 96), (196, 83), (106, 62), (164, 45), (138, 75)]"
109,../data/pred/videos/seg_sample/109.jpg,"[(134, 214), (88, 190), (173, 176), (126, 151), (80, 141), (149, 120), (216, 147), (173, 113), (110, 85), (57, 119), (93, 96), (196, 83), (106, 62), (164, 45), (138, 75)]"
110,../data/pred/videos/seg_sample/110.jpg,"[(134, 214), (88, 190), (173, 176), (126, 151), (80, 141), (149, 120), (216, 147), (173, 113), (110, 85), (57, 119), (93, 96), (196, 83), (106, 62), (164, 45), (138, 75)]"
111,../data/pred/videos/seg_sample/111.jpg,"[(134, 214), (88, 190), (173, 176), (126, 151), (80, 141), (149, 120), (216, 147), (172, 113), (110, 85), (57, 119), (93, 96), (196, 83), (106, 62), (164, 45), (138, 75)]"
112,../data/pred/videos/seg_sample/112.jpg,"[(134, 214), (88, 190), (173, 176), (126, 151), (80, 141), (149, 120), (216, 147), (172, 113), (110, 85), (57, 119), (93, 96), (196, 83), (106, 62), (164, 45), (138, 75)]"
113,../data/pred/videos/seg_sample/113.jpg,"[(134, 214), (88, 190), (173, 176), (127, 151), (80, 141), (149, 120), (216, 146), (173, 113), (110, 85), (57, 119), (93, 96), (196, 83), (106, 62), (164, 45), (138, 75)]"
114,../data/pred/videos/seg_sample/114.jpg,"[(134, 214), (88, 190), (173, 176), (127, 151), (80, 141), (149, 120), (216, 146), (173, 113), (110, 85), (57, 119), (93, 96), (196, 83), (106, 62), (164, 45), (138, 75)]"
115,../data/pred/videos/seg_sample/115.jpg,"[(134, 214), (88, 190), (173, 176), (127, 151), (80, 141), (149, 120), (216, 146), (173, 113), (110, 85), (57, 119), (93, 96), (196, 83), (106, 62), (164, 45), (138, 75)]"
116,../data/pred/videos/seg_sample/116.jpg,"[(134, 214), (173, 177), (86, 184), (127, 151), (216, 146), (120, 107), (171, 112), (57, 119), (196, 82), (97, 88), (140, 74), (164, 45)]"
117,../data/pred/videos/seg_sample/117.jpg,"[(134, 214), (173, 177), (86, 184), (127, 151), (216, 146), (120, 107), (171, 112), (57, 119), (196, 82), (97, 89), (140, 74), (164, 45)]"
118,../data/pred/videos/seg_sample/118.jpg,"[(134, 214), (173, 177), (86, 184), (127, 151), (216, 146), (120, 107), (171, 112), (57, 119), (196, 82), (97, 89), (140, 74), (164, 45)]"
119,../data/pred/videos/seg_sample/119.jpg,"[(134, 214), (173, 177), (86, 184), (127, 151), (216, 146), (120, 107), (171, 112), (57, 119), (197, 82), (97, 89), (140, 74), (164, 45)]"
120,../data/pred/videos/seg_sample/120.jpg,"[(134, 214), (173, 177), (86, 184), (127, 151), (216, 146), (120, 107), (171, 112), (57, 119), (197, 82), (97, 89), (140, 74), (164, 45)]"
121,../data/pred/videos/seg_sample/121.jpg,"[(134, 214), (174, 177), (86, 184), (127, 151), (216, 146), (120, 107), (171, 112), (57, 119), (197, 82), (97, 89), (140, 74), (164, 45)]"
122,../data/pred/videos/seg_sample/122.jpg,"[(134, 214), (174, 177), (86, 184), (127, 151), (216, 146), (120, 107), (171, 112), (57, 119), (197, 82), (97, 89), (140, 74), (164, 45)]"
123,../data/pred/videos/seg_sample/123.jpg,"[(134, 214), (174, 177), (86, 184), (127, 151), (216, 146), (120, 107), (171, 112), (57, 119), (197, 82), (97, 89), (140, 74), (164, 45)]"
124,../data/pred/videos/seg_sample/124.jpg,"[(134, 214), (174, 177), (86, 184), (127, 151), (216, 146), (120, 107), (171, 112), (57, 119), (197, 82), (97, 89), (140, 74), (164, 45)]"
125,../data/pred/videos/seg_sample/125.jpg,"[(134, 214), (174, 177), (86, 184), (127, 151), (216, 146), (120, 107), (171, 112), (57, 119), (197, 82), (97, 89), (140, 74), (164, 45)]"
126,../data/pred/videos/seg_sample/126.jpg,"[(134, 214), (174, 177), (86, 184), (127, 151), (216, 146), (120, 107), (171, 112), (57, 119), (197, 82), (97, 89), (140, 74), (164, 45)]"
127,../data/pred/videos/seg_sample/127.jpg,"[(134, 214), (174, 177), (86, 184), (127, 151), (216, 146), (120, 107), (171, 112), (57, 119), (197, 82), (97, 89), (140, 74), (164, 45)]"
128,../data/pred/videos/seg_sample/128.jpg,"[(133, 215), (174, 177), (86, 186), (125, 151), (216, 146), (171, 111), (57, 118), (197, 81), (98, 87), (141, 78), (163, 45)]"
129,../data/pred/videos/seg_sample/129.jpg,"[(133, 215), (174, 177), (86, 186), (125, 151), (216, 146), (171, 111), (57, 118), (197, 81), (98, 87), (141, 78), (163, 45)]"
130,../data/pred/videos/seg_sample/130.jpg,"[(133, 215), (174, 177), (86, 186), (125, 151), (216, 146), (171, 111), (57, 119), (197, 81), (98, 87), (141, 78), (163, 45)]"
131,../data/pred/videos/seg_sample/131.jpg,"[(133, 215), (174, 177), (86, 186), (125, 151), (216, 146), (171, 111), (57, 118), (197, 81), (98, 87), (141, 78), (163, 45)]"
132,../data/pred/videos/seg_sample/132.jpg,"[(133, 215), (174, 177), (86, 186), (125, 151), (216, 146), (171, 111), (57, 118), (197, 81), (98, 87), (141, 78), (163, 45)]"
133,../data/pred/videos/seg_sample/133.jpg,"[(133, 215), (174, 177), (86, 186), (125, 151), (216, 146), (171, 111), (57, 118), (197, 81), (98, 87), (141, 78), (163, 45)]"
134,../data/pred/videos/seg_sample/134.jpg,"[(133, 215), (174, 177), (86, 186), (125, 151), (216, 146), (171, 111), (57, 118), (197, 81), (98, 87), (141, 78), (163, 45)]"
135,../data/pred/videos/seg_sample/135.jpg,"[(133, 215), (174, 177), (86, 186), (125, 151), (216, 146), (171, 111), (57, 118), (197, 81), (98, 87), (141, 78), (163, 45)]"
136,../data/pred/videos/seg_sample/136.jpg,"[(133, 215), (174, 177), (86, 186), (125, 151), (216, 146), (171, 111), (57, 118), (197, 81), (98, 87), (141, 78), (163, 45)]"
137,../data/pred/videos/seg_sample/137.jpg,"[(133, 215), (174, 177), (86, 186), (125, 151), (216, 146), (171, 111), (57, 118), (197, 81), (98, 87), (141, 78), (163, 45)]"
138,../data/pred/videos/seg_sample/138.jpg,"[(133, 216), (86, 186), (174, 178), (124, 151), (217, 146), (172, 110), (57, 119), (198, 80), (142, 81), (97, 86), (122, 42), (162, 45)]"
139,../data/pred/videos/seg_sample/139.jpg,"[(133, 216), (86, 186), (174, 178), (124, 151), (217, 146), (172, 110), (57, 119), (198, 80), (142, 81), (97, 86), (122, 42), (162, 45)]"
140,../data/pred/videos/seg_sample/140.jpg,"[(133, 216), (86, 186), (174, 178), (124, 151), (217, 146), (172, 110), (57, 119), (198, 80), (142, 81), (97, 86), (122, 42), (162, 45)]"
141,../data/pred/videos/seg_sample/141.jpg,"[(133, 216), (86, 186), (174, 178), (124, 151), (217, 146), (172, 110), (57, 119), (198, 80), (142, 81), (97, 86), (122, 42), (162, 45)]"
142,../data/pred/videos/seg_sample/142.jpg,"[(133, 216), (86, 186), (174, 178), (124, 151), (217, 146), (172, 110), (57, 119), (198, 80), (142, 81), (97, 86), (122, 42), (162, 45)]"
143,../data/pred/videos/seg_sample/143.jpg,"[(133, 216), (86, 186), (174, 178), (124, 151), (217, 146), (172, 110), (57, 119), (198, 80), (142, 81), (97, 86), (122, 42), (162, 45)]"
144,../data/pred/videos/seg_sample/144.jpg,"[(133, 216), (86, 186), (174, 178), (124, 151), (217, 146), (172, 110), (57, 119), (198, 80), (142, 81), (97, 86), (122, 42), (162, 45)]"
145,../data/pred/videos/seg_sample/145.jpg,"[(133, 216), (86, 186), (174, 178), (124, 151), (217, 146), (172, 110), (57, 119), (198, 80), (142, 81), (97, 86), (122, 42), (162, 45)]"
146,../data/pred/videos/seg_sample/146.jpg,"[(133, 216), (86, 186), (174, 178), (124, 151), (217, 146), (172, 110), (57, 119), (198, 80), (142, 81), (97, 86), (122, 42), (162, 45)]"
147,../data/pred/videos/seg_sample/147.jpg,"[(133, 216), (86, 186), (174, 178), (124, 151), (217, 146), (172, 110), (57, 119), (198, 80), (142, 81), (97, 86), (122, 42), (162, 45)]"
148,../data/pred/videos/seg_sample/148.jpg,"[(133, 216), (86, 186), (174, 178), (124, 151), (217, 145), (172, 110), (57, 119), (198, 80), (142, 81), (97, 86), (122, 42), (162, 45)]"
149,../data/pred/videos/seg_sample/149.jpg,"[(133, 216), (86, 186), (174, 178), (124, 151), (217, 145), (172, 110), (57, 119), (198, 80), (142, 81), (97, 86), (122, 42), (162, 45)]"
150,../data/pred/videos/seg_sample/150.jpg,"[(133, 216), (86, 186), (174, 178), (124, 151), (217, 145), (172, 110), (57, 119), (198, 80), (142, 81), (97, 86), (122, 42), (162, 45)]"
151,../data/pred/videos/seg_sample/151.jpg,"[(133, 216), (85, 187), (174, 178), (123, 151), (217, 145), (173, 109), (57, 119), (142, 83), (200, 80), (97, 85), (124, 42), (160, 45)]"
152,../data/pred/videos/seg_sample/152.jpg,"[(133, 216), (85, 187), (174, 178), (123, 151), (217, 145), (173, 109), (57, 119), (142, 83), (200, 80), (97, 85), (124, 42), (160, 45)]"
153,../data/pred/videos/seg_sample/153.jpg,"[(133, 216), (85, 187), (174, 178), (123, 151), (217, 145), (173, 109), (57, 119), (142, 83), (200, 80), (97, 85), (158, 44)]"
154,../data/pred/videos/seg_sample/154.jpg,"[(133, 216), (85, 187), (174, 178), (123, 151), (217, 145), (173, 109), (57, 119), (142, 83), (200, 80), (97, 85), (158, 44)]"
155,../data/pred/videos/seg_sample/155.jpg,"[(133, 216), (85, 187), (174, 178), (123, 151), (217, 145), (173, 109), (57, 119), (142, 83), (200, 80), (97, 85), (158, 44)]"
156,../data/pred/videos/seg_sample/156.jpg,"[(133, 216), (85, 187), (174, 178), (123, 151), (217, 145), (173, 109), (57, 119), (142, 83), (200, 80), (97, 85), (158, 44)]"
157,../data/pred/videos/seg_sample/157.jpg,"[(133, 216), (85, 187), (174, 178), (123, 151), (217, 145), (173, 109), (57, 119), (142, 83), (200, 80), (97, 85), (158, 44)]"
158,../data/pred/videos/seg_sample/158.jpg,"[(133, 216), (85, 187), (174, 178), (123, 151), (217, 145), (173, 109), (57, 119), (142, 83), (200, 80), (97, 85), (158, 44)]"
159,../data/pred/videos/seg_sample/159.jpg,"[(133, 216), (85, 187), (174, 178), (123, 151), (217, 145), (173, 109), (57, 119), (142, 83), (200, 80), (97, 85), (158, 44)]"
160,../data/pred/videos/seg_sample/160.jpg,"[(133, 216), (85, 187), (174, 178), (123, 151), (217, 145), (173, 109), (57, 119), (142, 83), (200, 80), (97, 85), (123, 42), (160, 44)]"
161,../data/pred/videos/seg_sample/161.jpg,"[(134, 217), (85, 186), (174, 178), (123, 151), (217, 145), (174, 108), (174, 76), (57, 119), (143, 85), (201, 79), (97, 83), (153, 45)]"
162,../data/pred/videos/seg_sample/162.jpg,"[(134, 217), (85, 186), (174, 178), (123, 151), (217, 145), (174, 108), (174, 76), (57, 119), (143, 85), (201, 79), (97, 83), (153, 45)]"
163,../data/pred/videos/seg_sample/163.jpg,"[(134, 217), (85, 186), (174, 178), (123, 151), (217, 145), (174, 108), (174, 76), (57, 119), (143, 85), (201, 79), (97, 83), (153, 45)]"
164,../data/pred/videos/seg_sample/164.jpg,"[(134, 217), (85, 186), (174, 178), (123, 151), (217, 145), (174, 108), (174, 76), (57, 119), (143, 85), (201, 79), (97, 83), (153, 45)]"
165,../data/pred/videos/seg_sample/165.jpg,"[(134, 217), (85, 186), (174, 178), (123, 151), (217, 145), (174, 108), (174, 76), (57, 119), (143, 85), (201, 79), (97, 83), (153, 45)]"
166,../data/pred/videos/seg_sample/166.jpg,"[(134, 217), (85, 186), (174, 178), (123, 151), (217, 145), (174, 108), (174, 76), (57, 119), (143, 85), (201, 79), (97, 83), (125, 48), (158, 45)]"
167,../data/pred/videos/seg_sample/167.jpg,"[(134, 217), (85, 186), (174, 178), (123, 151), (217, 145), (174, 108), (174, 76), (57, 119), (143, 85), (201, 79), (97, 83), (125, 48), (158, 45)]"
168,../data/pred/videos/seg_sample/168.jpg,"[(134, 217), (85, 186), (174, 178), (123, 151), (217, 145), (174, 108), (174, 76), (57, 119), (143, 85), (201, 79), (97, 83), (125, 48), (158, 45)]"
169,../data/pred/videos/seg_sample/169.jpg,"[(134, 217), (85, 186), (174, 178), (123, 151), (217, 145), (174, 108), (174, 76), (57, 119), (143, 85), (201, 79), (97, 83), (153, 45)]"
170,../data/pred/videos/seg_sample/170.jpg,"[(134, 217), (85, 186), (174, 178), (123, 151), (217, 145), (174, 108), (174, 76), (57, 119), (143, 85), (201, 79), (97, 83), (125, 48), (158, 44)]"
171,../data/pred/videos/seg_sample/171.jpg,"[(134, 217), (85, 186), (174, 178), (123, 151), (217, 145), (174, 108), (174, 76), (57, 119), (143, 85), (201, 79), (97, 83), (125, 48), (158, 44)]"
172,../data/pred/videos/seg_sample/172.jpg,"[(134, 218), (84, 186), (174, 178), (123, 152), (217, 144), (175, 106), (143, 87), (57, 119), (201, 79), (97, 82), (150, 46)]"
173,../data/pred/videos/seg_sample/173.jpg,"[(134, 218), (84, 186), (174, 178), (123, 152), (217, 144), (175, 106), (143, 87), (57, 119), (201, 79), (97, 82), (150, 46)]"
174,../data/pred/videos/seg_sample/174.jpg,"[(134, 218), (84, 186), (174, 178), (123, 152), (217, 144), (175, 106), (143, 87), (57, 119), (201, 79), (97, 82), (150, 46)]"
175,../data/pred/videos/seg_sample/175.jpg,"[(134, 218), (84, 186), (174, 178), (123, 152), (217, 144), (175, 106), (143, 87), (57, 119), (201, 79), (97, 82), (150, 46)]"
176,../data/pred/videos/seg_sample/176.jpg,"[(134, 218), (84, 186), (174, 178), (123, 152), (217, 144), (175, 106), (143, 87), (57, 119), (201, 79), (97, 82), (150, 46)]"
177,../data/pred/videos/seg_sample/177.jpg,"[(134, 218), (84, 186), (174, 178), (123, 152), (217, 144), (175, 106), (143, 87), (57, 119), (201, 79), (97, 82), (150, 46)]"
178,../data/pred/videos/seg_sample/178.jpg,"[(134, 218), (84, 186), (174, 178), (123, 152), (217, 144), (175, 106), (143, 87), (57, 119), (201, 79), (97, 82), (150, 46)]"
179,../data/pred/videos/seg_sample/179.jpg,"[(134, 218), (84, 186), (174, 178), (123, 152), (217, 144), (175, 106), (143, 87), (57, 119), (201, 79), (97, 82), (150, 46)]"
180,../data/pred/videos/seg_sample/180.jpg,"[(134, 218), (84, 186), (174, 178), (123, 152), (217, 144), (175, 106), (143, 87), (57, 119), (201, 79), (97, 82), (150, 46)]"
181,../data/pred/videos/seg_sample/181.jpg,"[(134, 218), (84, 186), (174, 178), (123, 152), (217, 144), (175, 106), (143, 87), (57, 119), (201, 79), (97, 82), (150, 46)]"
182,../data/pred/videos/seg_sample/182.jpg,"[(134, 218), (84, 186), (174, 178), (123, 152), (217, 144), (175, 107), (143, 87), (57, 119), (202, 79), (97, 82), (150, 46)]"
183,../data/pred/videos/seg_sample/183.jpg,"[(133, 218), (84, 186), (174, 178), (217, 144), (122, 152), (176, 105), (143, 89), (57, 119), (202, 79), (96, 81), (148, 49)]"
184,../data/pred/videos/seg_sample/184.jpg,"[(133, 218), (84, 186), (174, 178), (217, 144), (122, 152), (176, 105), (143, 89), (57, 119), (202, 79), (96, 81), (148, 49)]"
185,../data/pred/videos/seg_sample/185.jpg,"[(133, 218), (84, 186), (174, 178), (217, 144), (122, 152), (176, 105), (143, 89), (57, 119), (202, 79), (96, 81), (148, 49)]"
186,../data/pred/videos/seg_sample/186.jpg,"[(133, 218), (84, 186), (174, 178), (217, 144), (122, 152), (176, 105), (143, 89), (57, 119), (202, 79), (96, 81), (148, 49)]"
187,../data/pred/videos/seg_sample/187.jpg,"[(133, 218), (84, 186), (174, 178), (217, 144), (122, 152), (176, 105), (143, 89), (57, 119), (202, 79), (96, 81), (148, 49)]"
188,../data/pred/videos/seg_sample/188.jpg,"[(133, 218), (84, 186), (174, 178), (217, 144), (122, 152), (176, 105), (143, 89), (57, 119), (202, 79), (96, 81), (148, 49)]"
189,../data/pred/videos/seg_sample/189.jpg,"[(133, 218), (84, 186), (174, 178), (217, 144), (122, 152), (176, 105), (143, 89), (57, 119), (202, 79), (96, 81), (148, 49)]"
190,../data/pred/videos/seg_sample/190.jpg,"[(133, 218), (84, 186), (174, 178), (217, 144), (122, 152), (176, 105), (143, 89), (57, 119), (202, 79), (96, 81), (148, 49)]"
191,../data/pred/videos/seg_sample/191.jpg,"[(133, 218), (84, 186), (174, 178), (217, 144), (122, 152), (176, 105), (143, 89), (57, 119), (202, 79), (96, 81), (148, 49)]"
192,../data/pred/videos/seg_sample/192.jpg,"[(133, 218), (84, 186), (174, 178), (217, 144), (122, 152), (176, 105), (143, 89), (57, 119), (202, 79), (96, 81), (148, 49)]"
193,../data/pred/videos/seg_sample/193.jpg,"[(133, 218), (84, 186), (174, 178), (217, 144), (122, 152), (176, 105), (143, 89), (57, 119), (202, 79), (96, 81), (148, 49)]"
194,../data/pred/videos/seg_sample/194.jpg,"[(133, 218), (84, 186), (174, 178), (217, 144), (122, 152), (176, 105), (143, 89), (57, 119), (202, 79), (96, 81), (148, 49)]"
195,../data/pred/videos/seg_sample/195.jpg,"[(133, 218), (84, 186), (174, 178), (217, 144), (122, 152), (176, 105), (143, 89), (57, 119), (202, 79), (96, 81), (148, 49)]"
196,../data/pred/videos/seg_sample/196.jpg,"[(133, 218), (84, 186), (174, 178), (217, 144), (122, 152), (176, 105), (143, 89), (57, 119), (202, 79), (96, 81), (148, 49)]"
197,../data/pred/videos/seg_sample/197.jpg,"[(132, 218), (83, 186), (175, 178), (217, 143), (122, 152), (143, 91), (176, 104), (57, 119), (203, 79), (96, 80), (148, 51)]"
198,../data/pred/videos/seg_sample/198.jpg,"[(132, 218), (83, 186), (175, 178), (217, 143), (122, 152), (143, 91), (176, 104), (57, 119), (203, 79), (96, 80), (148, 51)]"
199,../data/pred/videos/seg_sample/199.jpg,"[(132, 218), (83, 186), (175, 178), (217, 143), (122, 152), (143, 91), (176, 104), (57, 119), (203, 79), (96, 80), (148, 51)]"
200,../data/pred/videos/seg_sample/200.jpg,"[(132, 218), (83, 186), (175, 178), (217, 143), (122, 152), (143, 91), (176, 104), (57, 119), (203, 79), (96, 80), (148, 51)]"
201,../data/pred/videos/seg_sample/201.jpg,"[(133, 218), (83, 186), (175, 178), (217, 143), (122, 152), (143, 91), (176, 104), (57, 119), (203, 79), (96, 80), (148, 51)]"
202,../data/pred/videos/seg_sample/202.jpg,"[(132, 218), (83, 186), (175, 178), (217, 143), (122, 152), (143, 91), (176, 104), (57, 119), (203, 79), (96, 80), (148, 51)]"
203,../data/pred/videos/seg_sample/203.jpg,"[(133, 218), (83, 186), (175, 178), (217, 143), (122, 152), (143, 91), (176, 104), (57, 119), (203, 79), (96, 80), (148, 51)]"
204,../data/pred/videos/seg_sample/204.jpg,"[(133, 218), (83, 186), (175, 178), (217, 143), (122, 152), (143, 91), (176, 104), (57, 119), (203, 79), (96, 80), (148, 51)]"
205,../data/pred/videos/seg_sample/205.jpg,"[(133, 218), (83, 186), (175, 178), (217, 143), (122, 152), (143, 91), (176, 104), (57, 119), (203, 79), (96, 80), (148, 51)]"
206,../data/pred/videos/seg_sample/206.jpg,"[(132, 218), (83, 186), (175, 178), (217, 143), (122, 152), (143, 91), (176, 104), (57, 119), (203, 79), (96, 80), (148, 51)]"
207,../data/pred/videos/seg_sample/207.jpg,"[(133, 216), (83, 186), (175, 178), (217, 144), (122, 152), (142, 93), (176, 103), (57, 120), (204, 80), (96, 79), (147, 51)]"
208,../data/pred/videos/seg_sample/208.jpg,"[(133, 216), (83, 186), (175, 178), (217, 144), (122, 152), (142, 93), (176, 103), (57, 120), (204, 80), (96, 79), (147, 51)]"
209,../data/pred/videos/seg_sample/209.jpg,"[(133, 216), (83, 186), (175, 178), (217, 144), (122, 152), (142, 93), (176, 103), (57, 120), (204, 80), (96, 79), (147, 51)]"
210,../data/pred/videos/seg_sample/210.jpg,"[(133, 216), (83, 186), (175, 178), (217, 144), (122, 152), (142, 93), (176, 103), (57, 120), (204, 80), (96, 79), (147, 51)]"
211,../data/pred/videos/seg_sample/211.jpg,"[(133, 216), (83, 185), (175, 178), (217, 144), (122, 152), (142, 93), (176, 103), (57, 120), (204, 80), (96, 79), (147, 51)]"
212,../data/pred/videos/seg_sample/212.jpg,"[(133, 216), (83, 185), (175, 178), (217, 144), (122, 152), (142, 93), (176, 103), (57, 120), (204, 80), (96, 79), (147, 51)]"
213,../data/pred/videos/seg_sample/213.jpg,"[(133, 216), (83, 185), (175, 178), (217, 143), (122, 152), (142, 93), (176, 103), (57, 120), (204, 80), (96, 79), (147, 51)]"
214,../data/pred/videos/seg_sample/214.jpg,"[(133, 216), (83, 185), (175, 178), (217, 143), (122, 152), (142, 93), (176, 103), (57, 120), (204, 80), (96, 79), (147, 51)]"
215,../data/pred/videos/seg_sample/215.jpg,"[(133, 216), (83, 185), (175, 178), (217, 143), (122, 152), (142, 93), (176, 103), (57, 120), (204, 80), (96, 79), (147, 51)]"
216,../data/pred/videos/seg_sample/216.jpg,"[(133, 216), (83, 185), (175, 178), (217, 143), (122, 152), (142, 93), (176, 103), (57, 120), (204, 80), (96, 79), (147, 51)]"
217,../data/pred/videos/seg_sample/217.jpg,"[(133, 216), (83, 185), (175, 178), (217, 144), (122, 152), (142, 93), (176, 103), (57, 120), (204, 80), (96, 79), (147, 51)]"
218,../data/pred/videos/seg_sample/218.jpg,"[(83, 185), (175, 178), (217, 144), (122, 153), (143, 97), (133, 91), (177, 102), (58, 120), (205, 81), (96, 79), (147, 53)]"
219,../data/pred/videos/seg_sample/219.jpg,"[(83, 185), (175, 178), (217, 144), (122, 153), (143, 97), (133, 91), (177, 102), (58, 120), (205, 81), (96, 78), (147, 53)]"
220,../data/pred/videos/seg_sample/220.jpg,"[(83, 185), (175, 178), (217, 144), (122, 153), (143, 97), (133, 91), (177, 102), (58, 120), (205, 81), (96, 78), (147, 53)]"
221,../data/pred/videos/seg_sample/221.jpg,"[(83, 185), (175, 178), (217, 144), (122, 153), (143, 97), (133, 91), (177, 102), (58, 120), (205, 81), (96, 78), (147, 53)]"
222,../data/pred/videos/seg_sample/222.jpg,"[(83, 185), (175, 178), (217, 144), (122, 153), (143, 97), (133, 91), (177, 102), (58, 120), (205, 81), (96, 78), (147, 53)]"
223,../data/pred/videos/seg_sample/223.jpg,"[(83, 185), (175, 178), (217, 144), (122, 153), (143, 97), (133, 91), (177, 102), (58, 120), (205, 81), (96, 78), (147, 53)]"
224,../data/pred/videos/seg_sample/224.jpg,"[(83, 185), (175, 178), (217, 144), (122, 153), (143, 97), (133, 91), (177, 102), (58, 120), (205, 81), (96, 78), (147, 53)]"
225,../data/pred/videos/seg_sample/225.jpg,"[(83, 185), (175, 178), (217, 144), (122, 153), (143, 97), (133, 91), (177, 102), (58, 120), (205, 81), (96, 78), (147, 53)]"
226,../data/pred/videos/seg_sample/226.jpg,"[(83, 185), (175, 178), (217, 144), (122, 153), (143, 97), (133, 91), (177, 102), (58, 120), (205, 81), (96, 78), (147, 53)]"
227,../data/pred/videos/seg_sample/227.jpg,"[(83, 185), (175, 178), (217, 144), (122, 153), (143, 97), (133, 91), (177, 102), (58, 120), (205, 81), (96, 78), (147, 53)]"
228,../data/pred/videos/seg_sample/228.jpg,"[(83, 185), (175, 178), (217, 144), (122, 153), (143, 97), (133, 91), (177, 102), (58, 120), (205, 81), (96, 78), (147, 53)]"
229,../data/pred/videos/seg_sample/229.jpg,"[(83, 185), (175, 178), (217, 144), (122, 153), (143, 97), (133, 91), (177, 102), (58, 120), (205, 81), (96, 78), (147, 53)]"
230,../data/pred/videos/seg_sample/230.jpg,"[(83, 185), (175, 178), (217, 144), (122, 153), (143, 97), (133, 91), (177, 102), (58, 120), (205, 81), (96, 78), (147, 53)]"
231,../data/pred/videos/seg_sample/231.jpg,"[(83, 185), (175, 178), (217, 144), (122, 153), (143, 97), (133, 91), (177, 102), (58, 120), (205, 81), (96, 78), (147, 53)]"
232,../data/pred/videos/seg_sample/232.jpg,"[(83, 185), (175, 178), (217, 144), (122, 153), (143, 97), (133, 91), (177, 102), (58, 120), (205, 81), (96, 78), (147, 53)]"
233,../data/pred/videos/seg_sample/233.jpg,"[(83, 184), (175, 178), (216, 144), (122, 153), (177, 101), (58, 120), (206, 83), (96, 78), (147, 54)]"
234,../data/pred/videos/seg_sample/234.jpg,"[(83, 184), (175, 178), (216, 144), (122, 153), (177, 101), (58, 120), (206, 83), (96, 78), (147, 54)]"
235,../data/pred/videos/seg_sample/235.jpg,"[(83, 184), (175, 178), (216, 144), (122, 153), (177, 101), (58, 120), (206, 83), (96, 78), (147, 54)]"
236,../data/pred/videos/seg_sample/236.jpg,"[(83, 184), (175, 178), (216, 144), (122, 153), (177, 101), (58, 120), (206, 83), (96, 78), (147, 54)]"
237,../data/pred/videos/seg_sample/237.jpg,"[(83, 184), (175, 178), (216, 144), (122, 153), (177, 101), (58, 120), (206, 83), (96, 78), (147, 54)]"
238,../data/pred/videos/seg_sample/238.jpg,"[(83, 184), (175, 178), (216, 144), (122, 153), (177, 101), (58, 120), (206, 83), (96, 78), (147, 54)]"
239,../data/pred/videos/seg_sample/239.jpg,"[(83, 184), (175, 178), (216, 144), (122, 153), (177, 101), (58, 120), (206, 83), (96, 78), (147, 54)]"
240,../data/pred/videos/seg_sample/240.jpg,"[(83, 184), (175, 178), (216, 144), (122, 153), (177, 101), (58, 120), (206, 83), (96, 78), (147, 54)]"
241,../data/pred/videos/seg_sample/241.jpg,"[(83, 184), (175, 178), (216, 144), (122, 153), (177, 101), (58, 120), (206, 83), (96, 78), (147, 54)]"
242,../data/pred/videos/seg_sample/242.jpg,"[(83, 184), (175, 178), (216, 144), (122, 153), (177, 101), (58, 120), (206, 83), (96, 78), (146, 54)]"
243,../data/pred/videos/seg_sample/243.jpg,"[(83, 184), (175, 178), (216, 144), (122, 153), (177, 101), (58, 120), (206, 83), (96, 78), (146, 54)]"
244,../data/pred/videos/seg_sample/244.jpg,"[(83, 184), (175, 178), (216, 145), (122, 153), (210, 92), (58, 120), (177, 101), (197, 64), (96, 77), (146, 56)]"
245,../data/pred/videos/seg_sample/245.jpg,"[(83, 184), (175, 178), (216, 145), (122, 153), (210, 92), (58, 120), (177, 101), (197, 64), (96, 77), (146, 56)]"
246,../data/pred/videos/seg_sample/246.jpg,"[(83, 184), (175, 178), (216, 145), (122, 153), (210, 92), (58, 120), (177, 101), (197, 64), (96, 77), (146, 56)]"
247,../data/pred/videos/seg_sample/247.jpg,"[(83, 184), (175, 178), (216, 145), (122, 153), (210, 92), (58, 120), (177, 101), (197, 64), (96, 77), (146, 56)]"
248,../data/pred/videos/seg_sample/248.jpg,"[(83, 184), (175, 178), (216, 145), (122, 153), (210, 92), (58, 120), (177, 101), (197, 64), (96, 77), (146, 56)]"
249,../data/pred/videos/seg_sample/249.jpg,"[(83, 184), (175, 178), (216, 145), (122, 153), (210, 92), (58, 120), (177, 101), (197, 64), (96, 77), (146, 56)]"
250,../data/pred/videos/seg_sample/250.jpg,"[(83, 184), (175, 178), (216, 145), (122, 153), (210, 92), (58, 120), (177, 101), (197, 64), (96, 77), (146, 56)]"
251,../data/pred/videos/seg_sample/251.jpg,"[(83, 184), (175, 178), (216, 145), (122, 153), (210, 92), (58, 120), (177, 101), (197, 64), (96, 77), (146, 56)]"
252,../data/pred/videos/seg_sample/252.jpg,"[(83, 184), (175, 178), (216, 145), (122, 153), (210, 92), (58, 120), (177, 101), (197, 64), (96, 77), (146, 56)]"
253,../data/pred/videos/seg_sample/253.jpg,"[(83, 184), (175, 178), (216, 145), (122, 153), (210, 92), (58, 120), (177, 101), (197, 64), (96, 77), (146, 56)]"
254,../data/pred/videos/seg_sample/254.jpg,"[(82, 183), (175, 177), (216, 145), (122, 153), (210, 95), (59, 120), (178, 100), (96, 77), (146, 57)]"
255,../data/pred/videos/seg_sample/255.jpg,"[(82, 183), (175, 177), (216, 145), (122, 153), (210, 95), (59, 120), (178, 100), (96, 77), (146, 57)]"
256,../data/pred/videos/seg_sample/256.jpg,"[(82, 183), (175, 177), (216, 145), (122, 153), (210, 95), (59, 120), (178, 100), (96, 77), (146, 57)]"
257,../data/pred/videos/seg_sample/257.jpg,"[(82, 183), (175, 177), (216, 145), (122, 153), (210, 95), (59, 120), (178, 100), (96, 77), (146, 57)]"
258,../data/pred/videos/seg_sample/258.jpg,"[(82, 183), (175, 177), (216, 145), (122, 153), (210, 95), (59, 120), (178, 100), (96, 77), (146, 57)]"
259,../data/pred/videos/seg_sample/259.jpg,"[(82, 183), (175, 177), (216, 145), (122, 153), (210, 95), (59, 120), (178, 100), (96, 77), (146, 57)]"
260,../data/pred/videos/seg_sample/260.jpg,"[(82, 183), (175, 177), (216, 145), (122, 153), (210, 95), (59, 120), (178, 100), (96, 77), (146, 57)]"
261,../data/pred/videos/seg_sample/261.jpg,"[(82, 183), (175, 177), (216, 145), (122, 153), (210, 95), (59, 120), (178, 100), (96, 77), (146, 57)]"
262,../data/pred/videos/seg_sample/262.jpg,"[(82, 183), (175, 177), (216, 145), (122, 153), (210, 95), (59, 120), (178, 100), (96, 77), (146, 57)]"
263,../data/pred/videos/seg_sample/263.jpg,"[(82, 183), (175, 177), (216, 145), (122, 153), (210, 95), (59, 120), (178, 100), (96, 77), (146, 57)]"
264,../data/pred/videos/seg_sample/264.jpg,"[(82, 183), (175, 177), (216, 145), (122, 153), (210, 95), (59, 120), (178, 100), (96, 77), (146, 57)]"
265,../data/pred/videos/seg_sample/265.jpg,"[(82, 183), (175, 177), (216, 145), (122, 153), (210, 95), (59, 120), (178, 100), (96, 77), (146, 57)]"
266,../data/pred/videos/seg_sample/266.jpg,"[(82, 182), (176, 177), (215, 146), (122, 153), (210, 98), (59, 120), (178, 100), (95, 77), (145, 57)]"
267,../data/pred/videos/seg_sample/267.jpg,"[(82, 182), (176, 177), (215, 146), (122, 153), (210, 98), (59, 120), (178, 100), (95, 77), (145, 58)]"
268,../data/pred/videos/seg_sample/268.jpg,"[(82, 182), (176, 177), (215, 146), (122, 153), (210, 98), (59, 120), (178, 100), (95, 77), (145, 58)]"
269,../data/pred/videos/seg_sample/269.jpg,"[(82, 182), (176, 177), (215, 146), (122, 153), (210, 98), (59, 120), (178, 100), (95, 77), (145, 58)]"
270,../data/pred/videos/seg_sample/270.jpg,"[(82, 182), (176, 177), (215, 146), (122, 153), (210, 98), (59, 120), (178, 100), (95, 77), (145, 58)]"
271,../data/pred/videos/seg_sample/271.jpg,"[(82, 182), (176, 177), (215, 146), (122, 153), (210, 98), (59, 120), (178, 100), (95, 77), (145, 58)]"
272,../data/pred/videos/seg_sample/272.jpg,"[(82, 182), (176, 177), (215, 146), (122, 153), (210, 98), (59, 120), (178, 100), (95, 77), (145, 58)]"
273,../data/pred/videos/seg_sample/273.jpg,"[(82, 182), (176, 177), (215, 146), (122, 153), (210, 98), (59, 120), (178, 100), (95, 77), (145, 58)]"
274,../data/pred/videos/seg_sample/274.jpg,"[(82, 182), (176, 177), (215, 146), (122, 153), (210, 98), (59, 120), (178, 100), (95, 77), (145, 58)]"
275,../data/pred/videos/seg_sample/275.jpg,"[(82, 182), (176, 177), (215, 146), (122, 153), (210, 98), (59, 120), (178, 100), (95, 77), (145, 58)]"
276,../data/pred/videos/seg_sample/276.jpg,"[(82, 182), (176, 177), (215, 146), (122, 153), (210, 98), (59, 120), (178, 100), (95, 77), (145, 58)]"
277,../data/pred/videos/seg_sample/277.jpg,"[(81, 181), (176, 176), (215, 146), (122, 153), (60, 120), (179, 100), (95, 77), (144, 58)]"
278,../data/pred/videos/seg_sample/278.jpg,"[(81, 181), (176, 176), (215, 146), (122, 153), (60, 120), (179, 100), (95, 77), (144, 58)]"
279,../data/pred/videos/seg_sample/279.jpg,"[(81, 181), (176, 176), (215, 146), (122, 153), (60, 120), (179, 100), (95, 77), (144, 58)]"
280,../data/pred/videos/seg_sample/280.jpg,"[(81, 181), (176, 176), (215, 146), (122, 153), (60, 120), (179, 100), (95, 77), (144, 58)]"
281,../data/pred/videos/seg_sample/281.jpg,"[(81, 181), (176, 176), (215, 146), (122, 153), (60, 120), (179, 100), (95, 77), (144, 58)]"
282,../data/pred/videos/seg_sample/282.jpg,"[(81, 181), (176, 176), (215, 146), (122, 153), (60, 120), (179, 100), (95, 77), (144, 58)]"
283,../data/pred/videos/seg_sample/283.jpg,"[(81, 181), (176, 176), (215, 146), (122, 153), (60, 120), (179, 100), (95, 77), (144, 58)]"
284,../data/pred/videos/seg_sample/284.jpg,"[(81, 181), (176, 176), (215, 146), (122, 153), (60, 120), (179, 100), (95, 77), (144, 58)]"
285,../data/pred/videos/seg_sample/285.jpg,"[(81, 181), (176, 176), (215, 146), (122, 153), (60, 120), (179, 100), (95, 77), (144, 58)]"
286,../data/pred/videos/seg_sample/286.jpg,"[(81, 181), (176, 176), (215, 146), (122, 153), (60, 120), (179, 100), (95, 77), (144, 58)]"
287,../data/pred/videos/seg_sample/287.jpg,"[(81, 181), (176, 176), (215, 146), (122, 153), (60, 120), (179, 100), (95, 77), (144, 58)]"
288,../data/pred/videos/seg_sample/288.jpg,"[(81, 181), (176, 176), (215, 146), (122, 153), (60, 120), (179, 100), (95, 77), (144, 58)]"
289,../data/pred/videos/seg_sample/289.jpg,"[(81, 181), (176, 176), (215, 146), (122, 153), (60, 120), (179, 100), (95, 77), (144, 58)]"
290,../data/pred/videos/seg_sample/290.jpg,"[(81, 181), (176, 176), (215, 146), (122, 153), (60, 120), (179, 100), (95, 77), (144, 58)]"
291,../data/pred/videos/seg_sample/291.jpg,"[(81, 180), (176, 176), (214, 146), (122, 153), (60, 120), (179, 100), (95, 77), (144, 59)]"
292,../data/pred/videos/seg_sample/292.jpg,"[(81, 180), (176, 176), (214, 146), (122, 153), (60, 120), (179, 100), (95, 77), (144, 59)]"
293,../data/pred/videos/seg_sample/293.jpg,"[(81, 180), (176, 176), (214, 146), (122, 153), (60, 120), (179, 100), (95, 77), (144, 59)]"
294,../data/pred/videos/seg_sample/294.jpg,"[(81, 180), (176, 176), (214, 146), (122, 153), (60, 120), (179, 100), (95, 77), (144, 59)]"
295,../data/pred/videos/seg_sample/295.jpg,"[(81, 180), (176, 176), (214, 147), (122, 153), (60, 120), (179, 100), (95, 77), (144, 59)]"
296,../data/pred/videos/seg_sample/296.jpg,"[(81, 180), (176, 176), (214, 147), (122, 153), (60, 120), (179, 100), (95, 77), (144, 59)]"
297,../data/pred/videos/seg_sample/297.jpg,"[(81, 180), (176, 176), (214, 147), (122, 153), (60, 120), (179, 100), (95, 77), (144, 59)]"
298,../data/pred/videos/seg_sample/298.jpg,"[(81, 180), (176, 176), (214, 147), (122, 153), (60, 120), (179, 100), (95, 77), (144, 59)]"
299,../data/pred/videos/seg_sample/299.jpg,"[(81, 180), (176, 176), (214, 147), (122, 153), (60, 120), (179, 100), (95, 77), (144, 59)]"
300,../data/pred/videos/seg_sample/300.jpg,"[(81, 181), (176, 176), (214, 147), (122, 153), (60, 120), (179, 100), (95, 77), (144, 59)]"
301,../data/pred/videos/seg_sample/301.jpg,"[(81, 181), (176, 176), (214, 147), (122, 153), (60, 120), (179, 100), (95, 77), (144, 59)]"
302,../data/pred/videos/seg_sample/302.jpg,"[(81, 181), (176, 176), (214, 147), (122, 153), (60, 120), (179, 100), (95, 77), (144, 59)]"
303,../data/pred/videos/seg_sample/303.jpg,"[(81, 179), (176, 175), (214, 148), (122, 153), (61, 119), (179, 100), (95, 77), (143, 59)]"
304,../data/pred/videos/seg_sample/304.jpg,"[(81, 179), (176, 175), (214, 148), (122, 153), (61, 119), (179, 100), (95, 77), (143, 59)]"
305,../data/pred/videos/seg_sample/305.jpg,"[(81, 179), (176, 175), (214, 148), (122, 153), (61, 119), (179, 100), (95, 77), (143, 59)]"
306,../data/pred/videos/seg_sample/306.jpg,"[(81, 179), (176, 175), (214, 148), (122, 153), (61, 119), (179, 100), (95, 77), (143, 59)]"
307,../data/pred/videos/seg_sample/307.jpg,"[(81, 179), (176, 175), (214, 148), (122, 153), (61, 119), (179, 100), (95, 77), (143, 59)]"
308,../data/pred/videos/seg_sample/308.jpg,"[(81, 179), (176, 175), (214, 148), (122, 153), (61, 119), (179, 100), (95, 77), (143, 59)]"
309,../data/pred/videos/seg_sample/309.jpg,"[(81, 179), (176, 175), (214, 148), (122, 153), (61, 119), (179, 100), (95, 77), (143, 59)]"
310,../data/pred/videos/seg_sample/310.jpg,"[(81, 179), (176, 175), (214, 148), (122, 153), (61, 119), (179, 100), (95, 77), (143, 59)]"
311,../data/pred/videos/seg_sample/311.jpg,"[(81, 179), (176, 175), (214, 148), (122, 153), (61, 119), (179, 100), (95, 77), (143, 59)]"
312,../data/pred/videos/seg_sample/312.jpg,"[(81, 179), (176, 175), (214, 148), (122, 153), (61, 119), (179, 100), (95, 77), (143, 59)]"
313,../data/pred/videos/seg_sample/313.jpg,"[(80, 177), (176, 174), (213, 148), (213, 114), (122, 153), (62, 119), (179, 101), (95, 78), (143, 60)]"
314,../data/pred/videos/seg_sample/314.jpg,"[(80, 177), (176, 174), (213, 148), (213, 114), (122, 153), (62, 119), (179, 101), (95, 78), (143, 60)]"
315,../data/pred/videos/seg_sample/315.jpg,"[(80, 177), (176, 174), (213, 148), (213, 114), (122, 153), (62, 119), (179, 101), (95, 78), (143, 60)]"
316,../data/pred/videos/seg_sample/316.jpg,"[(80, 177), (176, 174), (213, 148), (213, 114), (122, 153), (62, 119), (179, 101), (95, 78), (143, 60)]"
317,../data/pred/videos/seg_sample/317.jpg,"[(80, 177), (176, 174), (213, 148), (213, 114), (122, 153), (62, 119), (179, 101), (95, 78), (143, 60)]"
318,../data/pred/videos/seg_sample/318.jpg,"[(80, 177), (176, 174), (213, 148), (213, 114), (122, 153), (62, 119), (179, 101), (95, 78), (143, 60)]"
319,../data/pred/videos/seg_sample/319.jpg,"[(80, 177), (176, 174), (213, 148), (213, 114), (122, 153), (62, 119), (179, 101), (95, 78), (143, 60)]"
320,../data/pred/videos/seg_sample/320.jpg,"[(80, 177), (176, 174), (213, 148), (213, 114), (122, 153), (62, 119), (179, 101), (95, 78), (143, 60)]"
321,../data/pred/videos/seg_sample/321.jpg,"[(80, 177), (176, 174), (213, 148), (213, 114), (122, 153), (62, 119), (179, 101), (95, 78), (143, 60)]"
322,../data/pred/videos/seg_sample/322.jpg,"[(80, 177), (176, 174), (213, 148), (213, 114), (122, 153), (62, 119), (179, 101), (95, 78), (143, 60)]"
323,../data/pred/videos/seg_sample/323.jpg,"[(80, 177), (176, 174), (213, 148), (213, 114), (122, 153), (62, 119), (179, 101), (95, 78), (143, 60)]"
324,../data/pred/videos/seg_sample/324.jpg,"[(176, 173), (80, 177), (213, 148), (122, 153), (63, 120), (179, 101), (95, 79), (143, 61)]"
325,../data/pred/videos/seg_sample/325.jpg,"[(176, 173), (80, 177), (213, 148), (122, 153), (63, 120), (179, 101), (95, 79), (143, 61)]"
326,../data/pred/videos/seg_sample/326.jpg,"[(176, 173), (80, 177), (213, 148), (122, 153), (63, 120), (179, 101), (95, 79), (143, 61)]"
327,../data/pred/videos/seg_sample/327.jpg,"[(176, 173), (80, 177), (213, 148), (122, 153), (63, 120), (179, 101), (95, 79), (143, 61)]"
328,../data/pred/videos/seg_sample/328.jpg,"[(176, 173), (80, 177), (213, 148), (122, 153), (63, 120), (179, 101), (95, 79), (143, 61)]"
329,../data/pred/videos/seg_sample/329.jpg,"[(176, 173), (80, 177), (213, 148), (122, 153), (63, 120), (179, 101), (95, 79), (143, 61)]"
330,../data/pred/videos/seg_sample/330.jpg,"[(176, 173), (80, 177), (213, 148), (122, 153), (63, 120), (179, 101), (95, 79), (143, 61)]"
331,../data/pred/videos/seg_sample/331.jpg,"[(176, 173), (80, 177), (213, 148), (122, 153), (63, 120), (179, 101), (95, 79), (143, 61)]"
332,../data/pred/videos/seg_sample/332.jpg,"[(176, 173), (80, 177), (213, 148), (122, 153), (63, 120), (179, 101), (95, 79), (143, 61)]"
333,../data/pred/videos/seg_sample/333.jpg,"[(176, 173), (80, 177), (213, 148), (122, 153), (63, 120), (179, 101), (95, 79), (143, 61)]"
334,../data/pred/videos/seg_sample/334.jpg,"[(176, 173), (80, 177), (213, 148), (122, 153), (63, 120), (179, 101), (95, 79), (143, 61)]"
335,../data/pred/videos/seg_sample/335.jpg,"[(176, 172), (212, 147), (80, 175), (122, 153), (64, 119), (178, 102), (96, 80), (143, 62)]"
336,../data/pred/videos/seg_sample/336.jpg,"[(176, 172), (212, 147), (80, 175), (122, 153), (64, 119), (178, 102), (96, 80), (143, 62)]"
337,../data/pred/videos/seg_sample/337.jpg,"[(176, 172), (212, 147), (80, 175), (122, 153), (64, 119), (178, 102), (96, 80), (143, 62)]"
338,../data/pred/videos/seg_sample/338.jpg,"[(176, 172), (212, 147), (80, 175), (122, 153), (64, 119), (178, 102), (96, 80), (143, 62)]"
339,../data/pred/videos/seg_sample/339.jpg,"[(176, 172), (212, 147), (80, 175), (122, 153), (64, 119), (178, 102), (96, 80), (143, 62)]"
340,../data/pred/videos/seg_sample/340.jpg,"[(176, 172), (212, 147), (80, 175), (122, 153), (64, 119), (178, 102), (96, 80), (143, 62)]"
341,../data/pred/videos/seg_sample/341.jpg,"[(176, 172), (212, 147), (80, 175), (122, 153), (64, 119), (178, 102), (96, 80), (143, 62)]"
342,../data/pred/videos/seg_sample/342.jpg,"[(176, 172), (212, 147), (80, 175), (122, 153), (64, 119), (178, 102), (96, 80), (143, 62)]"
343,../data/pred/videos/seg_sample/343.jpg,"[(176, 172), (212, 147), (80, 175), (122, 153), (64, 119), (178, 103), (96, 80), (143, 62)]"
344,../data/pred/videos/seg_sample/344.jpg,"[(176, 172), (212, 147), (80, 175), (122, 153), (64, 119), (178, 103), (96, 80), (143, 62)]"
345,../data/pred/videos/seg_sample/345.jpg,"[(176, 172), (212, 147), (80, 175), (122, 153), (64, 119), (178, 103), (96, 80), (143, 62)]"
346,../data/pred/videos/seg_sample/346.jpg,"[(176, 172), (212, 147), (80, 175), (122, 153), (64, 119), (178, 103), (96, 80), (143, 62)]"
347,../data/pred/videos/seg_sample/347.jpg,"[(210, 156), (61, 146), (176, 171), (212, 139), (81, 174), (64, 135), (122, 154), (66, 116), (177, 103), (96, 80), (143, 63)]"
348,../data/pred/videos/seg_sample/348.jpg,"[(210, 156), (61, 146), (176, 171), (212, 139), (81, 174), (64, 135), (122, 154), (66, 116), (177, 103), (96, 80), (143, 63)]"
349,../data/pred/videos/seg_sample/349.jpg,"[(210, 156), (61, 146), (176, 171), (212, 139), (81, 174), (64, 135), (122, 154), (66, 116), (177, 103), (96, 80), (143, 63)]"
350,../data/pred/videos/seg_sample/350.jpg,"[(210, 156), (61, 146), (176, 171), (212, 139), (81, 174), (64, 135), (122, 154), (66, 116), (177, 103), (96, 80), (143, 63)]"
351,../data/pred/videos/seg_sample/351.jpg,"[(210, 156), (61, 146), (176, 171), (212, 139), (81, 174), (64, 135), (122, 154), (66, 116), (177, 103), (96, 80), (143, 63)]"
352,../data/pred/videos/seg_sample/352.jpg,"[(210, 156), (61, 146), (176, 171), (212, 139), (81, 174), (64, 135), (122, 154), (66, 116), (177, 103), (96, 80), (143, 63)]"
353,../data/pred/videos/seg_sample/353.jpg,"[(210, 156), (61, 146), (176, 171), (212, 139), (81, 174), (64, 135), (122, 154), (66, 116), (177, 103), (96, 80), (143, 63)]"
354,../data/pred/videos/seg_sample/354.jpg,"[(210, 156), (61, 146), (176, 171), (212, 139), (81, 174), (64, 135), (122, 154), (66, 116), (177, 103), (96, 80), (143, 63)]"
355,../data/pred/videos/seg_sample/355.jpg,"[(210, 156), (61, 146), (176, 171), (211, 139), (81, 174), (64, 135), (122, 154), (66, 116), (177, 103), (96, 80), (143, 63)]"
356,../data/pred/videos/seg_sample/356.jpg,"[(210, 156), (61, 146), (176, 171), (211, 139), (81, 174), (64, 135), (122, 154), (66, 116), (177, 103), (96, 81), (143, 63)]"
357,../data/pred/videos/seg_sample/357.jpg,"[(210, 156), (61, 146), (176, 171), (211, 139), (81, 174), (64, 135), (122, 154), (66, 116), (177, 103), (96, 81), (143, 63)]"
358,../data/pred/videos/seg_sample/358.jpg,"[(175, 171), (81, 172), (67, 118), (122, 154), (177, 104), (97, 81), (143, 65)]"
359,../data/pred/videos/seg_sample/359.jpg,"[(175, 171), (81, 172), (67, 118), (122, 154), (177, 104), (97, 81), (143, 65)]"
360,../data/pred/videos/seg_sample/360.jpg,"[(175, 171), (81, 172), (67, 118), (122, 154), (177, 104), (97, 81), (143, 65)]"
361,../data/pred/videos/seg_sample/361.jpg,"[(175, 171), (81, 172), (67, 118), (122, 154), (177, 104), (97, 81), (143, 65)]"
362,../data/pred/videos/seg_sample/362.jpg,"[(175, 171), (81, 172), (67, 118), (122, 154), (177, 104), (97, 81), (143, 65)]"
363,../data/pred/videos/seg_sample/363.jpg,"[(175, 171), (81, 172), (67, 118), (122, 154), (177, 104), (97, 81), (143, 65)]"
364,../data/pred/videos/seg_sample/364.jpg,"[(175, 171), (81, 172), (67, 118), (122, 154), (177, 104), (97, 81), (143, 65)]"
365,../data/pred/videos/seg_sample/365.jpg,"[(175, 171), (81, 172), (67, 118), (122, 154), (177, 104), (97, 81), (143, 65)]"
366,../data/pred/videos/seg_sample/366.jpg,"[(175, 171), (81, 172), (67, 118), (122, 154), (177, 104), (97, 81), (143, 65)]"
367,../data/pred/videos/seg_sample/367.jpg,"[(175, 171), (81, 172), (67, 118), (122, 154), (177, 104), (97, 81), (143, 65)]"
368,../data/pred/videos/seg_sample/368.jpg,"[(175, 171), (81, 172), (67, 118), (122, 154), (177, 104), (97, 81), (143, 65)]"
369,../data/pred/videos/seg_sample/369.jpg,"[(175, 171), (81, 172), (67, 118), (122, 154), (177, 104), (97, 81), (143, 65)]"
370,../data/pred/videos/seg_sample/370.jpg,"[(175, 171), (81, 172), (67, 118), (122, 154), (177, 104), (97, 81), (143, 65)]"
371,../data/pred/videos/seg_sample/371.jpg,"[(175, 170), (81, 170), (65, 133), (70, 120), (123, 154), (176, 106), (99, 81), (143, 66)]"
372,../data/pred/videos/seg_sample/372.jpg,"[(175, 170), (81, 170), (65, 133), (70, 120), (123, 154), (176, 106), (99, 81), (143, 66)]"
373,../data/pred/videos/seg_sample/373.jpg,"[(175, 170), (81, 170), (65, 133), (70, 120), (123, 154), (176, 106), (99, 81), (143, 66)]"
374,../data/pred/videos/seg_sample/374.jpg,"[(175, 170), (81, 170), (65, 133), (70, 120), (123, 154), (176, 106), (99, 81), (143, 66)]"
375,../data/pred/videos/seg_sample/375.jpg,"[(175, 170), (81, 170), (65, 133), (70, 120), (123, 154), (176, 106), (99, 82), (143, 66)]"
376,../data/pred/videos/seg_sample/376.jpg,"[(175, 170), (81, 170), (65, 133), (70, 120), (123, 154), (176, 106), (99, 81), (143, 66)]"
377,../data/pred/videos/seg_sample/377.jpg,"[(175, 170), (81, 170), (65, 133), (70, 120), (123, 154), (176, 106), (99, 81), (143, 66)]"
378,../data/pred/videos/seg_sample/378.jpg,"[(175, 170), (81, 170), (65, 133), (70, 120), (123, 154), (176, 106), (99, 81), (143, 66)]"
379,../data/pred/videos/seg_sample/379.jpg,"[(175, 170), (81, 170), (65, 133), (70, 120), (123, 154), (176, 106), (99, 81), (143, 66)]"
380,../data/pred/videos/seg_sample/380.jpg,"[(175, 170), (81, 170), (65, 133), (70, 120), (123, 154), (176, 106), (99, 81), (143, 66)]"
381,../data/pred/videos/seg_sample/381.jpg,"[(175, 170), (81, 170), (65, 133), (70, 120), (123, 154), (176, 106), (99, 81), (143, 66)]"
382,../data/pred/videos/seg_sample/382.jpg,"[(175, 170), (81, 170), (65, 133), (70, 120), (123, 154), (176, 106), (99, 81), (143, 66)]"
383,../data/pred/videos/seg_sample/383.jpg,"[(174, 169), (82, 167), (82, 121), (123, 154), (175, 107), (101, 83), (142, 67)]"
384,../data/pred/videos/seg_sample/384.jpg,"[(174, 169), (82, 167), (82, 121), (123, 154), (175, 107), (101, 83), (142, 67)]"
385,../data/pred/videos/seg_sample/385.jpg,"[(174, 169), (82, 167), (82, 121), (123, 154), (175, 107), (101, 83), (142, 67)]"
386,../data/pred/videos/seg_sample/386.jpg,"[(174, 169), (82, 167), (82, 121), (123, 154), (175, 107), (101, 83), (142, 67)]"
387,../data/pred/videos/seg_sample/387.jpg,"[(174, 169), (82, 167), (82, 121), (123, 154), (176, 107), (101, 82), (142, 67)]"
388,../data/pred/videos/seg_sample/388.jpg,"[(174, 169), (82, 167), (82, 121), (123, 154), (176, 107), (101, 82), (142, 67)]"
389,../data/pred/videos/seg_sample/389.jpg,"[(174, 169), (82, 167), (82, 121), (123, 154), (176, 107), (101, 82), (142, 67)]"
390,../data/pred/videos/seg_sample/390.jpg,"[(174, 169), (82, 167), (82, 121), (123, 154), (176, 107), (101, 82), (142, 67)]"
391,../data/pred/videos/seg_sample/391.jpg,"[(174, 169), (82, 167), (82, 121), (123, 154), (176, 107), (101, 82), (142, 67)]"
392,../data/pred/videos/seg_sample/392.jpg,"[(174, 169), (82, 167), (82, 121), (123, 154), (176, 107), (101, 82), (142, 67)]"
393,../data/pred/videos/seg_sample/393.jpg,"[(174, 169), (82, 167), (82, 121), (123, 154), (176, 107), (101, 82), (142, 67)]"
394,../data/pred/videos/seg_sample/394.jpg,"[(174, 167), (82, 165), (82, 120), (123, 154), (175, 108), (102, 83), (142, 69)]"
395,../data/pred/videos/seg_sample/395.jpg,"[(174, 167), (82, 165), (82, 120), (123, 154), (175, 108), (102, 83), (142, 69)]"
396,../data/pred/videos/seg_sample/396.jpg,"[(174, 167), (82, 165), (82, 120), (123, 154), (175, 108), (102, 83), (142, 69)]"
397,../data/pred/videos/seg_sample/397.jpg,"[(174, 167), (82, 165), (82, 120), (123, 154), (175, 108), (102, 83), (142, 69)]"
398,../data/pred/videos/seg_sample/398.jpg,"[(174, 167), (82, 165), (82, 120), (123, 154), (175, 108), (102, 83), (142, 69)]"
399,../data/pred/videos/seg_sample/399.jpg,"[(174, 167), (82, 165), (82, 120), (123, 154), (175, 108), (102, 83), (142, 69)]"
400,../data/pred/videos/seg_sample/400.jpg,"[(174, 167), (82, 165), (82, 120), (123, 154), (175, 108), (102, 83), (142, 69)]"
401,../data/pred/videos/seg_sample/401.jpg,"[(174, 167), (82, 165), (82, 120), (123, 154), (175, 108), (102, 83), (142, 69)]"
402,../data/pred/videos/seg_sample/402.jpg,"[(174, 167), (82, 165), (82, 120), (123, 154), (175, 108), (102, 83), (142, 69)]"
403,../data/pred/videos/seg_sample/403.jpg,"[(174, 167), (82, 165), (82, 120), (123, 154), (175, 108), (102, 83), (142, 69)]"
404,../data/pred/videos/seg_sample/404.jpg,"[(173, 166), (83, 164), (84, 117), (123, 154), (144, 106), (175, 110), (104, 84), (142, 69)]"
405,../data/pred/videos/seg_sample/405.jpg,"[(173, 166), (83, 164), (84, 117), (123, 154), (144, 106), (175, 110), (104, 84), (142, 69)]"
406,../data/pred/videos/seg_sample/406.jpg,"[(173, 166), (83, 164), (84, 117), (123, 154), (144, 106), (175, 110), (104, 84), (142, 69)]"
407,../data/pred/videos/seg_sample/407.jpg,"[(173, 166), (83, 164), (84, 117), (123, 154), (144, 106), (175, 110), (104, 84), (142, 69)]"
408,../data/pred/videos/seg_sample/408.jpg,"[(173, 166), (83, 164), (84, 117), (123, 154), (144, 106), (175, 110), (104, 84), (142, 69)]"
409,../data/pred/videos/seg_sample/409.jpg,"[(173, 166), (83, 164), (84, 117), (123, 154), (144, 106), (175, 110), (104, 84), (142, 69)]"
410,../data/pred/videos/seg_sample/410.jpg,"[(173, 166), (83, 164), (84, 117), (123, 154), (144, 106), (175, 110), (104, 84), (142, 69)]"
411,../data/pred/videos/seg_sample/411.jpg,"[(173, 166), (83, 164), (84, 117), (123, 154), (144, 106), (175, 110), (104, 84), (142, 69)]"
412,../data/pred/videos/seg_sample/412.jpg,"[(173, 166), (83, 164), (84, 117), (123, 154), (144, 106), (175, 110), (104, 84), (142, 69)]"
413,../data/pred/videos/seg_sample/413.jpg,"[(173, 166), (83, 164), (84, 117), (123, 154), (144, 106), (175, 110), (104, 84), (142, 69)]"
414,../data/pred/videos/seg_sample/414.jpg,"[(173, 166), (83, 164), (84, 117), (123, 154), (144, 106), (175, 110), (104, 84), (142, 69)]"
415,../data/pred/videos/seg_sample/415.jpg,"[(173, 166), (84, 163), (86, 117), (123, 154), (144, 104), (175, 112), (105, 85), (141, 69)]"
416,../data/pred/videos/seg_sample/416.jpg,"[(173, 166), (84, 163), (86, 117), (123, 154), (144, 104), (175, 112), (105, 85), (141, 69)]"
417,../data/pred/videos/seg_sample/417.jpg,"[(173, 166), (84, 163), (86, 117), (123, 154), (144, 104), (175, 112), (105, 85), (141, 69)]"
418,../data/pred/videos/seg_sample/418.jpg,"[(173, 166), (84, 163), (86, 117), (123, 154), (144, 104), (175, 112), (105, 85), (141, 69)]"
419,../data/pred/videos/seg_sample/419.jpg,"[(173, 166), (84, 163), (86, 117), (123, 154), (144, 104), (175, 112), (105, 85), (141, 69)]"
420,../data/pred/videos/seg_sample/420.jpg,"[(173, 166), (84, 163), (86, 117), (123, 154), (144, 104), (175, 112), (105, 85), (141, 69)]"
